<?xml version="1.0" encoding="UTF-8"?>
<root>
  <item name="com.tcl.security.virusengine.entry.ScanEntry priority">
    <annotation name="android.support.annotation.IntDef">
      <val name="value" val="{com.tcl.security.virusengine.entry.ScanEntry.PASS_CACHE, com.tcl.security.virusengine.entry.ScanEntry.PASS_TCL_CLOUD, com.tcl.security.virusengine.entry.ScanEntry.PASS_MACFEE_CLOUD, com.tcl.security.virusengine.entry.ScanEntry.PASS_MACFEE_ENGINE, com.tcl.security.virusengine.entry.ScanEntry.REAL_TIME}" />
    </annotation>
  </item>
  <item name="com.tcl.security.virusengine.entry.ScanEntry.Priority">
    <annotation name="android.support.annotation.IntDef">
      <val name="value" val="{com.tcl.security.virusengine.entry.ScanEntry.PASS_CACHE, com.tcl.security.virusengine.entry.ScanEntry.PASS_TCL_CLOUD, com.tcl.security.virusengine.entry.ScanEntry.PASS_MACFEE_CLOUD, com.tcl.security.virusengine.entry.ScanEntry.PASS_MACFEE_ENGINE, com.tcl.security.virusengine.entry.ScanEntry.REAL_TIME}" />
    </annotation>
  </item>
</root>

