<?xml version="1.0" encoding="UTF-8"?>
<root>
  <item name="com.tcl.security.virusengine.DefaultVirusScanDeliveryImpl void postScanInfo(int, com.tcl.security.virusengine.entry.ScanInfo, java.lang.Object...) 0">
    <annotation name="android.support.annotation.IntDef">
      <val name="value" val="{com.tcl.security.virusengine.func_interface.ScanResultDelivery.DELIVERY_EVENT_NUMERIC, com.tcl.security.virusengine.func_interface.ScanResultDelivery.DELIVERY_EVENT_ENTRY, com.tcl.security.virusengine.func_interface.ScanResultDelivery.DELIVERY_EVENT_PRE, com.tcl.security.virusengine.func_interface.ScanResultDelivery.DELIVERY_EVENT_CANCEL, com.tcl.security.virusengine.func_interface.ScanResultDelivery.DELIVERY_EVENT_UPLOAD}" />
    </annotation>
  </item>
  <item name="com.tcl.security.virusengine.DefaultVirusScanDeliveryImpl.MessageType">
    <annotation name="android.support.annotation.IntDef">
      <val name="value" val="{com.tcl.security.virusengine.DefaultVirusScanDeliveryImpl.MESSAGE_NUMERIC, com.tcl.security.virusengine.DefaultVirusScanDeliveryImpl.MESSAGE_CANCELED, com.tcl.security.virusengine.DefaultVirusScanDeliveryImpl.MESSAGE_FINISHED, com.tcl.security.virusengine.DefaultVirusScanDeliveryImpl.MESSAGE_IMMEDIATE, com.tcl.security.virusengine.DefaultVirusScanDeliveryImpl.MSG_SCAN_ANIM_ONE_SECOND, com.tcl.security.virusengine.DefaultVirusScanDeliveryImpl.MSG_SCAN_REMAIN_TIME}" />
    </annotation>
  </item>
</root>

